courier_price_id,courier_id courier_zone_id,,from_kg,to_kg,price,status,date_added,date_modify,is_delete
48576,4,38,0,10,3229.8,1,,,0
48577,4,38,10.01,11,3347.4,1,,,0
48578,4,38,11.01,12,3465,1,,,0
48579,4,38,12.01,13,3582.6,1,,,0
48580,4,38,13.01,14,3700.2,1,,,0
48581,4,38,14.01,15,3817.8,1,,,0
48582,4,38,15.01,16,3935.4,1,,,0
48583,4,38,16.01,17,4053,1,,,0
48584,4,38,17.01,18,4270.6,1,,,0
48585,4,38,18.01,19,4288.2,1,,,0
48586,4,38,19.01,20,4405.8,1,,,0
48587,4,38,20.01,21,4499.25,1,,,0
48588,4,38,21.01,22,4592.7,1,,,0
48589,4,38,22.01,23,4686.15,1,,,0
48590,4,38,23.01,24,4779.6,1,,,0
48591,4,38,24.01,25,4873.05,1,,,0
48592,4,38,25.01,26,4966.5,1,,,0
48593,4,38,26.01,27,5059.95,1,,,0
48594,4,38,27.01,28,5153.4,1,,,0
48595,4,38,28.01,29,5246.85,1,,,0
48596,4,38,29.01,30,5340.3,1,,,0
48597,4,38,31,31.99,5207.3625,1,,,0
48598,4,38,32,32.99,5370.1125,1,,,0
48599,4,38,33,33.99,5532.8625,1,,,0
48600,4,38,34,34.99,5695.6125,1,,,0
48601,4,38,35,35.99,5858.3625,1,,,0
48602,4,38,36,36.99,6021.1125,1,,,0
48603,4,38,37,37.99,6183.8625,1,,,0
48604,4,38,38,38.99,6346.6125,1,,,0
48605,4,38,39,39.99,6509.3625,1,,,0
48606,4,38,40,40.99,6672.1125,1,,,0
48607,4,38,41,41.99,6834.8625,1,,,0
48608,4,38,42,42.99,6997.6125,1,,,0
48609,4,38,43,43.99,7160.3625,1,,,0
48610,4,38,44,44.99,7228.6335,1,,,0
48611,4,38,45,45.99,7389.2835,1,,,0
48612,4,38,46,46.99,7549.9335,1,,,0
48613,4,38,47,47.99,7710.5835,1,,,0
48614,4,38,48,48.99,7871.2335,1,,,0
48615,4,38,49,49.99,8031.8835,1,,,0
48616,4,38,50,50.99,8192.5335,1,,,0
48617,4,38,51,51.99,8353.1835,1,,,0
48618,4,38,52,52.99,8513.8335,1,,,0
48619,4,38,53,53.99,8674.4835,1,,,0
48620,4,38,54,54.99,8835.1335,1,,,0
48621,4,38,55,55.99,8995.7835,1,,,0
48622,4,38,56,56.99,9156.4335,1,,,0
48623,4,38,57,57.99,9317.0835,1,,,0
48624,4,38,58,58.99,9477.7335,1,,,0
48625,4,38,59,59.99,9638.3835,1,,,0
48626,4,38,60,60.99,9799.0335,1,,,0
48627,4,38,61,61.99,9959.6835,1,,,0
48628,4,38,62,62.99,10120.3335,1,,,0
48629,4,38,63,63.99,10280.9835,1,,,0
48630,4,38,64,64.99,10441.6335,1,,,0
48631,4,38,65,65.99,10602.2835,1,,,0
48632,4,38,66,66.99,10762.9335,1,,,0
48633,4,38,67,67.99,10923.5835,1,,,0
48634,4,38,68,68.99,11084.2335,1,,,0
48635,4,38,69,69.99,11024.415,1,,,0
48636,4,38,70,70.99,11181.915,1,,,0
48637,4,38,71,71.99,11339.415,1,,,0
48638,4,38,72,72.99,11496.915,1,,,0
48639,4,38,73,73.99,11654.415,1,,,0
48640,4,38,74,74.99,11811.915,1,,,0
48641,4,38,75,75.99,11969.415,1,,,0
48642,4,38,76,76.99,12126.915,1,,,0
48643,4,38,77,77.99,12284.415,1,,,0
48644,4,38,78,78.99,12441.915,1,,,0
48645,4,38,79,79.99,12599.415,1,,,0
48646,4,38,80,80.99,12756.915,1,,,0
48647,4,38,81,81.99,12914.415,1,,,0
48648,4,38,82,82.99,13071.915,1,,,0
48649,4,38,83,83.99,13229.415,1,,,0
48650,4,38,84,84.99,13386.915,1,,,0
48651,4,38,85,85.99,13544.415,1,,,0
48652,4,38,86,86.99,13701.915,1,,,0
48653,4,38,87,87.99,13859.415,1,,,0
48654,4,38,88,88.99,14016.915,1,,,0
48655,4,38,89,89.99,14174.415,1,,,0
48656,4,38,90,90.99,14331.915,1,,,0
48657,4,38,91,91.99,14489.415,1,,,0
48658,4,38,92,92.99,14646.915,1,,,0
48659,4,38,93,93.99,14804.415,1,,,0
48660,4,38,94,94.99,14961.915,1,,,0
48661,4,38,95,95.99,15119.415,1,,,0
48662,4,38,96,96.99,15276.915,1,,,0
48663,4,38,97,97.99,15434.415,1,,,0
48664,4,38,98,98.99,15591.915,1,,,0
48665,4,38,99,99.99,15539.436,1,,,0
48666,4,38,100,100.99,15694.836,1,,,0
48667,4,38,101,101.99,15850.236,1,,,0
48668,4,38,102,102.99,16005.636,1,,,0
48669,4,38,103,103.99,16161.036,1,,,0
48670,4,38,104,104.99,16316.436,1,,,0
48671,4,38,105,105.99,16471.836,1,,,0
48672,4,38,106,106.99,16627.236,1,,,0
48673,4,38,107,107.99,16782.636,1,,,0
48674,4,38,108,108.99,16938.036,1,,,0
48675,4,38,109,109.99,17093.436,1,,,0
48676,4,38,110,110.99,17248.836,1,,,0
48677,4,38,111,111.99,17404.236,1,,,0
48678,4,38,112,112.99,17559.636,1,,,0
48679,4,38,113,113.99,17715.036,1,,,0
48680,4,38,114,114.99,17870.436,1,,,0
48681,4,38,115,115.99,18025.836,1,,,0
48682,4,38,116,116.99,18181.236,1,,,0
48683,4,38,117,117.99,18336.636,1,,,0
48684,4,38,118,118.99,18492.036,1,,,0
48685,4,38,119,119.99,18647.436,1,,,0
48686,4,38,120,120.99,18802.836,1,,,0
48687,4,38,121,121.99,18958.236,1,,,0
48688,4,38,122,122.99,19113.636,1,,,0
48689,4,38,123,123.99,19269.036,1,,,0
48690,4,38,124,124.99,19424.436,1,,,0
48691,4,38,125,125.99,19579.836,1,,,0
48692,4,38,126,126.99,19735.236,1,,,0
48693,4,38,127,127.99,19890.636,1,,,0
48694,4,38,128,128.99,20046.036,1,,,0
48695,4,38,129,129.99,20201.436,1,,,0
48696,4,38,130,130.99,20356.836,1,,,0
48697,4,38,131,131.99,20512.236,1,,,0
48698,4,38,132,132.99,20667.636,1,,,0
48699,4,38,133,133.99,20823.036,1,,,0
48700,4,38,134,134.99,20978.436,1,,,0
48701,4,38,135,135.99,21133.836,1,,,0
48702,4,38,136,136.99,21289.236,1,,,0
48703,4,38,137,137.99,21444.636,1,,,0
48704,4,38,138,138.99,21600.036,1,,,0
48705,4,38,139,139.99,21755.436,1,,,0
48706,4,38,140,140.99,21910.836,1,,,0
48707,4,38,141,141.99,22066.236,1,,,0
48708,4,38,142,142.99,22221.636,1,,,0
48709,4,38,143,143.99,22377.036,1,,,0
48710,4,38,144,144.99,22532.436,1,,,0
48711,4,38,145,145.99,22687.836,1,,,0
48712,4,38,146,146.99,22843.236,1,,,0
48713,4,38,147,147.99,22998.636,1,,,0
48714,4,38,148,148.99,23154.036,1,,,0
48715,4,38,149,149.99,23309.436,1,,,0
48716,4,38,150,150.99,23464.836,1,,,0
48717,4,38,151,151.99,23620.236,1,,,0
48718,4,38,152,152.99,23775.636,1,,,0
48719,4,38,153,153.99,23931.036,1,,,0
48720,4,38,154,154.99,24086.436,1,,,0
48721,4,38,155,155.99,24241.836,1,,,0
48722,4,38,156,156.99,24397.236,1,,,0
48723,4,38,157,157.99,24552.636,1,,,0
48724,4,38,158,158.99,24708.036,1,,,0
48725,4,38,159,159.99,24863.436,1,,,0
48726,4,38,160,160.99,25018.836,1,,,0
48727,4,38,161,161.99,25174.236,1,,,0
48728,4,38,162,162.99,25329.636,1,,,0
48729,4,38,163,163.99,25485.036,1,,,0
48730,4,38,164,164.99,25640.436,1,,,0
48731,4,38,165,165.99,25795.836,1,,,0
48732,4,38,166,166.99,25951.236,1,,,0
48733,4,38,167,167.99,26106.636,1,,,0
48734,4,38,168,168.99,26262.036,1,,,0
48735,4,38,169,169.99,26417.436,1,,,0
48736,4,38,170,170.99,26572.836,1,,,0
48737,4,38,171,171.99,26728.236,1,,,0
48738,4,38,172,172.99,26883.636,1,,,0
48739,4,38,173,173.99,27039.036,1,,,0
48740,4,38,174,174.99,27194.436,1,,,0
48741,4,38,175,175.99,27349.836,1,,,0
48742,4,38,176,176.99,27505.236,1,,,0
48743,4,38,177,177.99,27660.636,1,,,0
48744,4,38,178,178.99,27816.036,1,,,0
48745,4,38,179,179.99,27971.436,1,,,0
48746,4,38,180,180.99,28126.836,1,,,0
48747,4,38,181,181.99,28282.236,1,,,0
48748,4,38,182,182.99,28437.636,1,,,0
48749,4,38,183,183.99,28593.036,1,,,0
48750,4,38,184,184.99,28748.436,1,,,0
48751,4,38,185,185.99,28903.836,1,,,0
48752,4,38,186,186.99,29059.236,1,,,0
48753,4,38,187,187.99,29214.636,1,,,0
48754,4,38,188,188.99,29370.036,1,,,0
48755,4,38,189,189.99,29525.436,1,,,0
48756,4,38,190,190.99,29680.836,1,,,0
48757,4,38,191,191.99,29836.236,1,,,0
48758,4,38,192,192.99,29991.636,1,,,0
48759,4,38,193,193.99,30147.036,1,,,0
48760,4,38,194,194.99,30302.436,1,,,0
48761,4,38,195,195.99,30457.836,1,,,0
48762,4,38,196,196.99,30613.236,1,,,0
48763,4,38,197,197.99,30768.636,1,,,0
48764,4,38,198,198.99,30924.036,1,,,0
48765,4,38,199,199.99,31079.436,1,,,0
48766,4,38,200,200.99,31234.836,1,,,0
48767,4,38,201,201.99,31390.236,1,,,0
48768,4,38,202,202.99,31545.636,1,,,0
48769,4,38,203,203.99,31701.036,1,,,0
48770,4,38,204,204.99,31856.436,1,,,0
48771,4,38,205,205.99,32011.836,1,,,0
48772,4,38,206,206.99,32167.236,1,,,0
48773,4,38,207,207.99,32322.636,1,,,0
48774,4,38,208,208.99,32478.036,1,,,0
48775,4,38,209,209.99,32633.436,1,,,0
48776,4,38,210,210.99,32788.836,1,,,0
48777,4,38,211,211.99,32944.236,1,,,0
48778,4,38,212,212.99,33099.636,1,,,0
48779,4,38,213,213.99,33255.036,1,,,0
48780,4,38,214,214.99,33410.436,1,,,0
48781,4,38,215,215.99,33565.836,1,,,0
48782,4,38,216,216.99,33721.236,1,,,0
48783,4,38,217,217.99,33876.636,1,,,0
48784,4,38,218,218.99,34032.036,1,,,0
48785,4,38,219,219.99,34187.436,1,,,0
48786,4,38,220,220.99,34342.836,1,,,0
48787,4,38,221,221.99,34498.236,1,,,0
48788,4,38,222,222.99,34653.636,1,,,0
48789,4,38,223,223.99,34809.036,1,,,0
48790,4,38,224,224.99,34964.436,1,,,0
48791,4,38,225,225.99,35119.836,1,,,0
48792,4,38,226,226.99,35275.236,1,,,0
48793,4,38,227,227.99,35430.636,1,,,0
48794,4,38,228,228.99,35586.036,1,,,0
48795,4,38,229,229.99,35741.436,1,,,0
48796,4,38,230,230.99,35896.836,1,,,0
48797,4,38,231,231.99,36052.236,1,,,0
48798,4,38,232,232.99,36207.636,1,,,0
48799,4,38,233,233.99,36363.036,1,,,0
48800,4,38,234,234.99,36518.436,1,,,0
48801,4,38,235,235.99,36673.836,1,,,0
48802,4,38,236,236.99,36829.236,1,,,0
48803,4,38,237,237.99,36984.636,1,,,0
48804,4,38,238,238.99,37140.036,1,,,0
48805,4,38,239,239.99,37295.436,1,,,0
48806,4,38,240,240.99,37450.836,1,,,0
48807,4,38,241,241.99,37606.236,1,,,0
48808,4,38,242,242.99,37761.636,1,,,0
48809,4,38,243,243.99,37917.036,1,,,0
48810,4,38,244,244.99,38072.436,1,,,0
48811,4,38,245,245.99,38227.836,1,,,0
48812,4,38,246,246.99,38383.236,1,,,0
48813,4,38,247,247.99,38538.636,1,,,0
48814,4,38,248,248.99,38694.036,1,,,0
48815,4,38,249,249.99,38849.436,1,,,0
48816,4,38,250,250.99,39004.836,1,,,0
48817,4,38,251,251.99,39160.236,1,,,0
48818,4,38,252,252.99,39315.636,1,,,0
48819,4,38,253,253.99,39471.036,1,,,0
48820,4,38,254,254.99,39626.436,1,,,0
48821,4,38,255,255.99,39781.836,1,,,0
48822,4,38,256,256.99,39937.236,1,,,0
48823,4,38,257,257.99,40092.636,1,,,0
48824,4,38,258,258.99,40248.036,1,,,0
48825,4,38,259,259.99,40403.436,1,,,0
48826,4,38,260,260.99,40558.836,1,,,0
48827,4,38,261,261.99,40714.236,1,,,0
48828,4,38,262,262.99,40869.636,1,,,0
48829,4,38,263,263.99,41025.036,1,,,0
48830,4,38,264,264.99,41180.436,1,,,0
48831,4,38,265,265.99,41335.836,1,,,0
48832,4,38,266,266.99,41491.236,1,,,0
48833,4,38,267,267.99,41646.636,1,,,0
48834,4,38,268,268.99,41802.036,1,,,0
48835,4,38,269,269.99,41957.436,1,,,0
48836,4,38,270,270.99,42112.836,1,,,0
48837,4,38,271,271.99,42268.236,1,,,0
48838,4,38,272,272.99,42423.636,1,,,0
48839,4,38,273,273.99,42579.036,1,,,0
48840,4,38,274,274.99,42734.436,1,,,0
48841,4,38,275,275.99,42889.836,1,,,0
48842,4,38,276,276.99,43045.236,1,,,0
48843,4,38,277,277.99,43200.636,1,,,0
48844,4,38,278,278.99,43356.036,1,,,0
48845,4,38,279,279.99,43511.436,1,,,0
48846,4,38,280,280.99,43666.836,1,,,0
48847,4,38,281,281.99,43822.236,1,,,0
48848,4,38,282,282.99,43977.636,1,,,0
48849,4,38,283,283.99,44133.036,1,,,0
48850,4,38,284,284.99,44288.436,1,,,0
48851,4,38,285,285.99,44443.836,1,,,0
48852,4,38,286,286.99,44599.236,1,,,0
48853,4,38,287,287.99,44754.636,1,,,0
48854,4,38,288,288.99,44910.036,1,,,0
48855,4,38,289,289.99,45065.436,1,,,0
48856,4,38,290,290.99,45220.836,1,,,0
48857,4,38,291,291.99,45376.236,1,,,0
48858,4,38,292,292.99,45531.636,1,,,0
48859,4,38,293,293.99,45687.036,1,,,0
48860,4,38,294,294.99,45842.436,1,,,0
48861,4,38,295,295.99,45997.836,1,,,0
48862,4,38,296,296.99,46153.236,1,,,0
48863,4,38,297,297.99,46308.636,1,,,0
48864,4,38,298,298.99,46464.036,1,,,0
48865,4,38,299,299.99,46619.436,1,,,0
48866,4,38,300,300.99,46774.836,1,,,0
48867,4,38,301,301.99,46930.236,1,,,0
48868,4,38,302,302.99,47085.636,1,,,0
48869,4,38,303,303.99,47241.036,1,,,0
48870,4,38,304,304.99,47396.436,1,,,0
48871,4,38,305,305.99,47551.836,1,,,0
48872,4,38,306,306.99,47707.236,1,,,0
48873,4,38,307,307.99,47862.636,1,,,0
48874,4,38,308,308.99,48018.036,1,,,0
48875,4,38,309,309.99,48173.436,1,,,0
48876,4,38,310,310.99,48328.836,1,,,0
48877,4,38,311,311.99,48484.236,1,,,0
48878,4,38,312,312.99,48639.636,1,,,0
48879,4,38,313,313.99,48795.036,1,,,0
48880,4,38,314,314.99,48950.436,1,,,0
48881,4,38,315,315.99,49105.836,1,,,0
48882,4,38,316,316.99,49261.236,1,,,0
48883,4,38,317,317.99,49416.636,1,,,0
48884,4,38,318,318.99,49572.036,1,,,0
48885,4,38,319,319.99,49727.436,1,,,0
48886,4,38,320,320.99,49882.836,1,,,0
48887,4,38,321,321.99,50038.236,1,,,0
48888,4,38,322,322.99,50193.636,1,,,0
48889,4,38,323,323.99,50349.036,1,,,0
48890,4,38,324,324.99,50504.436,1,,,0
48891,4,38,325,325.99,50659.836,1,,,0
48892,4,38,326,326.99,50815.236,1,,,0
48893,4,38,327,327.99,50970.636,1,,,0
48894,4,38,328,328.99,51126.036,1,,,0
48895,4,38,329,329.99,51281.436,1,,,0
48896,4,38,330,330.99,51436.836,1,,,0
48897,4,38,331,331.99,51592.236,1,,,0
48898,4,38,332,332.99,51747.636,1,,,0
48899,4,38,333,333.99,51903.036,1,,,0
48900,4,38,334,334.99,52058.436,1,,,0
48901,4,38,335,335.99,52213.836,1,,,0
48902,4,38,336,336.99,52369.236,1,,,0
48903,4,38,337,337.99,52524.636,1,,,0
48904,4,38,338,338.99,52680.036,1,,,0
48905,4,38,339,339.99,52835.436,1,,,0
48906,4,38,340,340.99,52990.836,1,,,0
48907,4,38,341,341.99,53146.236,1,,,0
48908,4,38,342,342.99,53301.636,1,,,0
48909,4,38,343,343.99,53457.036,1,,,0
48910,4,38,344,344.99,53612.436,1,,,0
48911,4,38,345,345.99,53767.836,1,,,0
48912,4,38,346,346.99,53923.236,1,,,0
48913,4,38,347,347.99,54078.636,1,,,0
48914,4,38,348,348.99,54234.036,1,,,0
48915,4,38,349,349.99,54389.436,1,,,0
48916,4,38,350,350.99,54544.836,1,,,0
48917,4,38,351,351.99,54700.236,1,,,0
48918,4,38,352,352.99,54855.636,1,,,0
48919,4,38,353,353.99,55011.036,1,,,0
48920,4,38,354,354.99,55166.436,1,,,0
48921,4,38,355,355.99,55321.836,1,,,0
48922,4,38,356,356.99,55477.236,1,,,0
48923,4,38,357,357.99,55632.636,1,,,0
48924,4,38,358,358.99,55788.036,1,,,0
48925,4,38,359,359.99,55943.436,1,,,0
48926,4,38,360,360.99,56098.836,1,,,0
48927,4,38,361,361.99,56254.236,1,,,0
48928,4,38,362,362.99,56409.636,1,,,0
48929,4,38,363,363.99,56565.036,1,,,0
48930,4,38,364,364.99,56720.436,1,,,0
48931,4,38,365,365.99,56875.836,1,,,0
48932,4,38,366,366.99,57031.236,1,,,0
48933,4,38,367,367.99,57186.636,1,,,0
48934,4,38,368,368.99,57342.036,1,,,0
48935,4,38,369,369.99,57497.436,1,,,0
48936,4,38,370,370.99,57652.836,1,,,0
48937,4,38,371,371.99,57808.236,1,,,0
48938,4,38,372,372.99,57963.636,1,,,0
48939,4,38,373,373.99,58119.036,1,,,0
48940,4,38,374,374.99,58274.436,1,,,0
48941,4,38,375,375.99,58429.836,1,,,0
48942,4,38,376,376.99,58585.236,1,,,0
48943,4,38,377,377.99,58740.636,1,,,0
48944,4,38,378,378.99,58896.036,1,,,0
48945,4,38,379,379.99,59051.436,1,,,0
48946,4,38,380,380.99,59206.836,1,,,0
48947,4,38,381,381.99,59362.236,1,,,0
48948,4,38,382,382.99,59517.636,1,,,0
48949,4,38,383,383.99,59673.036,1,,,0
48950,4,38,384,384.99,59828.436,1,,,0
48951,4,38,385,385.99,59983.836,1,,,0
48952,4,38,386,386.99,60139.236,1,,,0
48953,4,38,387,387.99,60294.636,1,,,0
48954,4,38,388,388.99,60450.036,1,,,0
48955,4,38,389,389.99,60605.436,1,,,0
48956,4,38,390,390.99,60760.836,1,,,0
48957,4,38,391,391.99,60916.236,1,,,0
48958,4,38,392,392.99,61071.636,1,,,0
48959,4,38,393,393.99,61227.036,1,,,0
48960,4,38,394,394.99,61382.436,1,,,0
48961,4,38,395,395.99,61537.836,1,,,0
48962,4,38,396,396.99,61693.236,1,,,0
48963,4,38,397,397.99,61848.636,1,,,0
48964,4,38,398,398.99,62004.036,1,,,0
48965,4,38,399,399.99,62159.436,1,,,0
48966,4,38,400,400.99,62314.836,1,,,0
48967,4,38,401,401.99,62470.236,1,,,0
48968,4,38,402,402.99,62625.636,1,,,0
48969,4,38,403,403.99,62781.036,1,,,0
48970,4,38,404,404.99,62936.436,1,,,0
48971,4,38,405,405.99,63091.836,1,,,0
48972,4,38,406,406.99,63247.236,1,,,0
48973,4,38,407,407.99,63402.636,1,,,0
48974,4,38,408,408.99,63558.036,1,,,0
48975,4,38,409,409.99,63713.436,1,,,0
48976,4,38,410,410.99,63868.836,1,,,0
48977,4,38,411,411.99,64024.236,1,,,0
48978,4,38,412,412.99,64179.636,1,,,0
48979,4,38,413,413.99,64335.036,1,,,0
48980,4,38,414,414.99,64490.436,1,,,0
48981,4,38,415,415.99,64645.836,1,,,0
48982,4,38,416,416.99,64801.236,1,,,0
48983,4,38,417,417.99,64956.636,1,,,0
48984,4,38,418,418.99,65112.036,1,,,0
48985,4,38,419,419.99,65267.436,1,,,0
48986,4,38,420,420.99,65422.836,1,,,0
48987,4,38,421,421.99,65578.236,1,,,0
48988,4,38,422,422.99,65733.636,1,,,0
48989,4,38,423,423.99,65889.036,1,,,0
48990,4,38,424,424.99,66044.436,1,,,0
48991,4,38,425,425.99,66199.836,1,,,0
48992,4,38,426,426.99,66355.236,1,,,0
48993,4,38,427,427.99,66510.636,1,,,0
48994,4,38,428,428.99,66666.036,1,,,0
48995,4,38,429,429.99,66821.436,1,,,0
48996,4,38,430,430.99,66976.836,1,,,0
48997,4,38,431,431.99,67132.236,1,,,0
48998,4,38,432,432.99,67287.636,1,,,0
48999,4,38,433,433.99,67443.036,1,,,0
49000,4,38,434,434.99,67598.436,1,,,0
49001,4,38,435,435.99,67753.836,1,,,0
49002,4,38,436,436.99,67909.236,1,,,0
49003,4,38,437,437.99,68064.636,1,,,0
49004,4,38,438,438.99,68220.036,1,,,0
49005,4,38,439,439.99,68375.436,1,,,0
49006,4,38,440,440.99,68530.836,1,,,0
49007,4,38,441,441.99,68686.236,1,,,0
49008,4,38,442,442.99,68841.636,1,,,0
49009,4,38,443,443.99,68997.036,1,,,0
49010,4,38,444,444.99,69152.436,1,,,0
49011,4,38,445,445.99,69307.836,1,,,0
49012,4,38,446,446.99,69463.236,1,,,0
49013,4,38,447,447.99,69618.636,1,,,0
49014,4,38,448,448.99,69774.036,1,,,0
49015,4,38,449,449.99,69929.436,1,,,0
49016,4,38,450,450.99,70084.836,1,,,0
49017,4,38,451,451.99,70240.236,1,,,0
49018,4,38,452,452.99,70395.636,1,,,0
49019,4,38,453,453.99,70551.036,1,,,0
49020,4,38,454,454.99,70706.436,1,,,0
49021,4,38,455,455.99,70861.836,1,,,0
49022,4,38,456,456.99,71017.236,1,,,0
49023,4,38,457,457.99,71172.636,1,,,0
49024,4,38,458,458.99,71328.036,1,,,0
49025,4,38,459,459.99,71483.436,1,,,0
49026,4,38,460,460.99,71638.836,1,,,0
49027,4,38,461,461.99,71794.236,1,,,0
49028,4,38,462,462.99,71949.636,1,,,0
49029,4,38,463,463.99,72105.036,1,,,0
49030,4,38,464,464.99,72260.436,1,,,0
49031,4,38,465,465.99,72415.836,1,,,0
49032,4,38,466,466.99,72571.236,1,,,0
49033,4,38,467,467.99,72726.636,1,,,0
49034,4,38,468,468.99,72882.036,1,,,0
49035,4,38,469,469.99,73037.436,1,,,0
49036,4,38,470,470.99,73192.836,1,,,0
49037,4,38,471,471.99,73348.236,1,,,0
49038,4,38,472,472.99,73503.636,1,,,0
49039,4,38,473,473.99,73659.036,1,,,0
49040,4,38,474,474.99,73814.436,1,,,0
49041,4,38,475,475.99,73969.836,1,,,0
49042,4,38,476,476.99,74125.236,1,,,0
49043,4,38,477,477.99,74280.636,1,,,0
49044,4,38,478,478.99,74436.036,1,,,0
49045,4,38,479,479.99,74591.436,1,,,0
49046,4,38,480,480.99,74746.836,1,,,0
49047,4,38,481,481.99,74902.236,1,,,0
49048,4,38,482,482.99,75057.636,1,,,0
49049,4,38,483,483.99,75213.036,1,,,0
49050,4,38,484,484.99,75368.436,1,,,0
49051,4,38,485,485.99,75523.836,1,,,0
49052,4,38,486,486.99,75679.236,1,,,0
49053,4,38,487,487.99,75834.636,1,,,0
49054,4,38,488,488.99,75990.036,1,,,0
49055,4,38,489,489.99,76145.436,1,,,0
49056,4,38,490,490.99,76300.836,1,,,0
49057,4,38,491,491.99,76456.236,1,,,0
49058,4,38,492,492.99,76611.636,1,,,0
49059,4,38,493,493.99,76767.036,1,,,0
49060,4,38,494,494.99,76922.436,1,,,0
49061,4,38,495,495.99,77077.836,1,,,0
49062,4,38,496,496.99,77233.236,1,,,0
49063,4,38,497,497.99,77388.636,1,,,0
49064,4,38,498,498.99,77544.036,1,,,0
49065,4,38,499,499.99,77699.436,1,,,0
49066,4,38,500,500.99,77854.836,1,,,0
49067,4,38,501,501.99,78010.236,1,,,0
49068,4,38,502,502.99,78165.636,1,,,0
49069,4,38,503,503.99,78321.036,1,,,0
49070,4,38,504,504.99,78476.436,1,,,0
49071,4,38,505,505.99,78631.836,1,,,0
49072,4,38,506,506.99,78787.236,1,,,0
49073,4,38,507,507.99,78942.636,1,,,0
49074,4,38,508,508.99,79098.036,1,,,0
49075,4,38,509,509.99,79253.436,1,,,0
49076,4,38,510,510.99,79408.836,1,,,0
49077,4,38,511,511.99,79564.236,1,,,0
49078,4,38,512,512.99,79719.636,1,,,0
49079,4,38,513,513.99,79875.036,1,,,0
49080,4,38,514,514.99,80030.436,1,,,0
49081,4,38,515,515.99,80185.836,1,,,0
49082,4,38,516,516.99,80341.236,1,,,0
49083,4,38,517,517.99,80496.636,1,,,0
49084,4,38,518,518.99,80652.036,1,,,0
49085,4,38,519,519.99,80807.436,1,,,0
49086,4,38,520,520.99,80962.836,1,,,0
49087,4,38,521,521.99,81118.236,1,,,0
49088,4,38,522,522.99,81273.636,1,,,0
49089,4,38,523,523.99,81429.036,1,,,0
49090,4,38,524,524.99,81584.436,1,,,0
49091,4,38,525,525.99,81739.836,1,,,0
49092,4,38,526,526.99,81895.236,1,,,0
49093,4,38,527,527.99,82050.636,1,,,0
49094,4,38,528,528.99,82206.036,1,,,0
49095,4,38,529,529.99,82361.436,1,,,0
49096,4,38,530,530.99,82516.836,1,,,0
49097,4,38,531,531.99,82672.236,1,,,0
49098,4,38,532,532.99,82827.636,1,,,0
49099,4,38,533,533.99,82983.036,1,,,0
49100,4,38,534,534.99,83138.436,1,,,0
49101,4,38,535,535.99,83293.836,1,,,0
49102,4,38,536,536.99,83449.236,1,,,0
49103,4,38,537,537.99,83604.636,1,,,0
49104,4,38,538,538.99,83760.036,1,,,0
49105,4,38,539,539.99,83915.436,1,,,0
49106,4,38,540,540.99,84070.836,1,,,0
49107,4,38,541,541.99,84226.236,1,,,0
49108,4,38,542,542.99,84381.636,1,,,0
49109,4,38,543,543.99,84537.036,1,,,0
49110,4,38,544,544.99,84692.436,1,,,0
49111,4,38,545,545.99,84847.836,1,,,0
49112,4,38,546,546.99,85003.236,1,,,0
49113,4,38,547,547.99,85158.636,1,,,0
49114,4,38,548,548.99,85314.036,1,,,0
49115,4,38,549,549.99,85469.436,1,,,0
49116,4,38,550,550.99,85624.836,1,,,0
49117,4,38,551,551.99,85780.236,1,,,0
49118,4,38,552,552.99,85935.636,1,,,0
49119,4,38,553,553.99,86091.036,1,,,0
49120,4,38,554,554.99,86246.436,1,,,0
49121,4,38,555,555.99,86401.836,1,,,0
49122,4,38,556,556.99,86557.236,1,,,0
49123,4,38,557,557.99,86712.636,1,,,0
49124,4,38,558,558.99,86868.036,1,,,0
49125,4,38,559,559.99,87023.436,1,,,0
49126,4,38,560,560.99,87178.836,1,,,0
49127,4,38,561,561.99,87334.236,1,,,0
49128,4,38,562,562.99,87489.636,1,,,0
49129,4,38,563,563.99,87645.036,1,,,0
49130,4,38,564,564.99,87800.436,1,,,0
49131,4,38,565,565.99,87955.836,1,,,0
49132,4,38,566,566.99,88111.236,1,,,0
49133,4,38,567,567.99,88266.636,1,,,0
49134,4,38,568,568.99,88422.036,1,,,0
49135,4,38,569,569.99,88577.436,1,,,0
49136,4,38,570,570.99,88732.836,1,,,0
49137,4,38,571,571.99,88888.236,1,,,0
49138,4,38,572,572.99,89043.636,1,,,0
49139,4,38,573,573.99,89199.036,1,,,0
49140,4,38,574,574.99,89354.436,1,,,0
49141,4,38,575,575.99,89509.836,1,,,0
49142,4,38,576,576.99,89665.236,1,,,0
49143,4,38,577,577.99,89820.636,1,,,0
49144,4,38,578,578.99,89976.036,1,,,0
49145,4,38,579,579.99,90131.436,1,,,0
49146,4,38,580,580.99,90286.836,1,,,0
49147,4,38,581,581.99,90442.236,1,,,0
49148,4,38,582,582.99,90597.636,1,,,0
49149,4,38,583,583.99,90753.036,1,,,0
49150,4,38,584,584.99,90908.436,1,,,0
49151,4,38,585,585.99,91063.836,1,,,0
49152,4,38,586,586.99,91219.236,1,,,0
49153,4,38,587,587.99,91374.636,1,,,0
49154,4,38,588,588.99,91530.036,1,,,0
49155,4,38,589,589.99,91685.436,1,,,0
49156,4,38,590,590.99,91840.836,1,,,0
49157,4,38,591,591.99,91996.236,1,,,0
49158,4,38,592,592.99,92151.636,1,,,0
49159,4,38,593,593.99,92307.036,1,,,0
49160,4,38,594,594.99,92462.436,1,,,0
49161,4,38,595,595.99,92617.836,1,,,0
49162,4,38,596,596.99,92773.236,1,,,0
49163,4,38,597,597.99,92928.636,1,,,0
49164,4,38,598,598.99,93084.036,1,,,0
49165,4,38,599,599.99,93239.436,1,,,0
49166,4,38,600,600.99,93394.836,1,,,0
49167,4,38,601,601.99,93550.236,1,,,0
49168,4,38,602,602.99,93705.636,1,,,0
49169,4,38,603,603.99,93861.036,1,,,0
49170,4,38,604,604.99,94016.436,1,,,0
49171,4,38,605,605.99,94171.836,1,,,0
49172,4,38,606,606.99,94327.236,1,,,0
49173,4,38,607,607.99,94482.636,1,,,0
49174,4,38,608,608.99,94638.036,1,,,0
49175,4,38,609,609.99,94793.436,1,,,0
49176,4,38,610,610.99,94948.836,1,,,0
49177,4,38,611,611.99,95104.236,1,,,0
49178,4,38,612,612.99,95259.636,1,,,0
49179,4,38,613,613.99,95415.036,1,,,0
49180,4,38,614,614.99,95570.436,1,,,0
49181,4,38,615,615.99,95725.836,1,,,0
49182,4,38,616,616.99,95881.236,1,,,0
49183,4,38,617,617.99,96036.636,1,,,0
49184,4,38,618,618.99,96192.036,1,,,0
49185,4,38,619,619.99,96347.436,1,,,0
49186,4,38,620,620.99,96502.836,1,,,0
49187,4,38,621,621.99,96658.236,1,,,0
49188,4,38,622,622.99,96813.636,1,,,0
49189,4,38,623,623.99,96969.036,1,,,0
49190,4,38,624,624.99,97124.436,1,,,0
49191,4,38,625,625.99,97279.836,1,,,0
49192,4,38,626,626.99,97435.236,1,,,0
49193,4,38,627,627.99,97590.636,1,,,0
49194,4,38,628,628.99,97746.036,1,,,0
49195,4,38,629,629.99,97901.436,1,,,0
49196,4,38,630,630.99,98056.836,1,,,0
49197,4,38,631,631.99,98212.236,1,,,0
49198,4,38,632,632.99,98367.636,1,,,0
49199,4,38,633,633.99,98523.036,1,,,0
49200,4,38,634,634.99,98678.436,1,,,0
49201,4,38,635,635.99,98833.836,1,,,0
49202,4,38,636,636.99,98989.236,1,,,0
49203,4,38,637,637.99,99144.636,1,,,0
49204,4,38,638,638.99,99300.036,1,,,0
49205,4,38,639,639.99,99455.436,1,,,0
49206,4,38,640,640.99,99610.836,1,,,0
49207,4,38,641,641.99,99766.236,1,,,0
49208,4,38,642,642.99,99921.636,1,,,0
49209,4,38,643,643.99,100077.036,1,,,0
49210,4,38,644,644.99,100232.436,1,,,0
49211,4,38,645,645.99,100387.836,1,,,0
49212,4,38,646,646.99,100543.236,1,,,0
49213,4,38,647,647.99,100698.636,1,,,0
49214,4,38,648,648.99,100854.036,1,,,0
49215,4,38,649,649.99,101009.436,1,,,0
49216,4,38,650,650.99,101164.836,1,,,0
49217,4,38,651,651.99,101320.236,1,,,0
49218,4,38,652,652.99,101475.636,1,,,0
49219,4,38,653,653.99,101631.036,1,,,0
49220,4,38,654,654.99,101786.436,1,,,0
49221,4,38,655,655.99,101941.836,1,,,0
49222,4,38,656,656.99,102097.236,1,,,0
49223,4,38,657,657.99,102252.636,1,,,0
49224,4,38,658,658.99,102408.036,1,,,0
49225,4,38,659,659.99,102563.436,1,,,0
49226,4,38,660,660.99,102718.836,1,,,0
49227,4,38,661,661.99,102874.236,1,,,0
49228,4,38,662,662.99,103029.636,1,,,0
49229,4,38,663,663.99,103185.036,1,,,0
49230,4,38,664,664.99,103340.436,1,,,0
49231,4,38,665,665.99,103495.836,1,,,0
49232,4,38,666,666.99,103651.236,1,,,0
49233,4,38,667,667.99,103806.636,1,,,0
49234,4,38,668,668.99,103962.036,1,,,0
49235,4,38,669,669.99,104117.436,1,,,0
49236,4,38,670,670.99,104272.836,1,,,0
49237,4,38,671,671.99,104428.236,1,,,0
49238,4,38,672,672.99,104583.636,1,,,0
49239,4,38,673,673.99,104739.036,1,,,0
49240,4,38,674,674.99,104894.436,1,,,0
49241,4,38,675,675.99,105049.836,1,,,0
49242,4,38,676,676.99,105205.236,1,,,0
49243,4,38,677,677.99,105360.636,1,,,0
49244,4,38,678,678.99,105516.036,1,,,0
49245,4,38,679,679.99,105671.436,1,,,0
49246,4,38,680,680.99,105826.836,1,,,0
49247,4,38,681,681.99,105982.236,1,,,0
49248,4,38,682,682.99,106137.636,1,,,0
49249,4,38,683,683.99,106293.036,1,,,0
49250,4,38,684,684.99,106448.436,1,,,0
49251,4,38,685,685.99,106603.836,1,,,0
49252,4,38,686,686.99,106759.236,1,,,0
49253,4,38,687,687.99,106914.636,1,,,0
49254,4,38,688,688.99,107070.036,1,,,0
49255,4,38,689,689.99,107225.436,1,,,0
49256,4,38,690,690.99,107380.836,1,,,0
49257,4,38,691,691.99,107536.236,1,,,0
49258,4,38,692,692.99,107691.636,1,,,0
49259,4,38,693,693.99,107847.036,1,,,0
49260,4,38,694,694.99,108002.436,1,,,0
49261,4,38,695,695.99,108157.836,1,,,0
49262,4,38,696,696.99,108313.236,1,,,0
49263,4,38,697,697.99,108468.636,1,,,0
49264,4,38,698,698.99,108624.036,1,,,0
49265,4,38,699,699.99,108779.436,1,,,0
49266,4,38,700,700.99,108934.836,1,,,0
49267,4,38,701,701.99,109090.236,1,,,0
49268,4,38,702,702.99,109245.636,1,,,0
49269,4,38,703,703.99,109401.036,1,,,0
49270,4,38,704,704.99,109556.436,1,,,0
49271,4,38,705,705.99,109711.836,1,,,0
49272,4,38,706,706.99,109867.236,1,,,0
49273,4,38,707,707.99,110022.636,1,,,0
49274,4,38,708,708.99,110178.036,1,,,0
49275,4,38,709,709.99,110333.436,1,,,0
49276,4,38,710,710.99,110488.836,1,,,0
49277,4,38,711,711.99,110644.236,1,,,0
49278,4,38,712,712.99,110799.636,1,,,0
49279,4,38,713,713.99,110955.036,1,,,0
49280,4,38,714,714.99,111110.436,1,,,0
49281,4,38,715,715.99,111265.836,1,,,0
49282,4,38,716,716.99,111421.236,1,,,0
49283,4,38,717,717.99,111576.636,1,,,0
49284,4,38,718,718.99,111732.036,1,,,0
49285,4,38,719,719.99,111887.436,1,,,0
49286,4,38,720,720.99,112042.836,1,,,0
49287,4,38,721,721.99,112198.236,1,,,0
49288,4,38,722,722.99,112353.636,1,,,0
49289,4,38,723,723.99,112509.036,1,,,0
49290,4,38,724,724.99,112664.436,1,,,0
49291,4,38,725,725.99,112819.836,1,,,0
49292,4,38,726,726.99,112975.236,1,,,0
49293,4,38,727,727.99,113130.636,1,,,0
49294,4,38,728,728.99,113286.036,1,,,0
49295,4,38,729,729.99,113441.436,1,,,0
49296,4,38,730,730.99,113596.836,1,,,0
49297,4,38,731,731.99,113752.236,1,,,0
49298,4,38,732,732.99,113907.636,1,,,0
49299,4,38,733,733.99,114063.036,1,,,0
49300,4,38,734,734.99,114218.436,1,,,0
49301,4,38,735,735.99,114373.836,1,,,0
49302,4,38,736,736.99,114529.236,1,,,0
49303,4,38,737,737.99,114684.636,1,,,0
49304,4,38,738,738.99,114840.036,1,,,0
49305,4,38,739,739.99,114995.436,1,,,0
49306,4,38,740,740.99,115150.836,1,,,0
49307,4,38,741,741.99,115306.236,1,,,0
49308,4,38,742,742.99,115461.636,1,,,0
49309,4,38,743,743.99,115617.036,1,,,0
49310,4,38,744,744.99,115772.436,1,,,0
49311,4,38,745,745.99,115927.836,1,,,0
49312,4,38,746,746.99,116083.236,1,,,0
49313,4,38,747,747.99,116238.636,1,,,0
49314,4,38,748,748.99,116394.036,1,,,0
49315,4,38,749,749.99,116549.436,1,,,0
49316,4,38,750,750.99,116704.836,1,,,0
49317,4,38,751,751.99,116860.236,1,,,0
49318,4,38,752,752.99,117015.636,1,,,0
49319,4,38,753,753.99,117171.036,1,,,0
49320,4,38,754,754.99,117326.436,1,,,0
49321,4,38,755,755.99,117481.836,1,,,0
49322,4,38,756,756.99,117637.236,1,,,0
49323,4,38,757,757.99,117792.636,1,,,0
49324,4,38,758,758.99,117948.036,1,,,0
49325,4,38,759,759.99,118103.436,1,,,0
49326,4,38,760,760.99,118258.836,1,,,0
49327,4,38,761,761.99,118414.236,1,,,0
49328,4,38,762,762.99,118569.636,1,,,0
49329,4,38,763,763.99,118725.036,1,,,0
49330,4,38,764,764.99,118880.436,1,,,0
49331,4,38,765,765.99,119035.836,1,,,0
49332,4,38,766,766.99,119191.236,1,,,0
49333,4,38,767,767.99,119346.636,1,,,0
49334,4,38,768,768.99,119502.036,1,,,0
49335,4,38,769,769.99,119657.436,1,,,0
49336,4,38,770,770.99,119812.836,1,,,0
49337,4,38,771,771.99,119968.236,1,,,0
49338,4,38,772,772.99,120123.636,1,,,0
49339,4,38,773,773.99,120279.036,1,,,0
49340,4,38,774,774.99,120434.436,1,,,0
49341,4,38,775,775.99,120589.836,1,,,0
49342,4,38,776,776.99,120745.236,1,,,0
49343,4,38,777,777.99,120900.636,1,,,0
49344,4,38,778,778.99,121056.036,1,,,0
49345,4,38,779,779.99,121211.436,1,,,0
49346,4,38,780,780.99,121366.836,1,,,0
49347,4,38,781,781.99,121522.236,1,,,0
49348,4,38,782,782.99,121677.636,1,,,0
49349,4,38,783,783.99,121833.036,1,,,0
49350,4,38,784,784.99,121988.436,1,,,0
49351,4,38,785,785.99,122143.836,1,,,0
49352,4,38,786,786.99,122299.236,1,,,0
49353,4,38,787,787.99,122454.636,1,,,0
49354,4,38,788,788.99,122610.036,1,,,0
49355,4,38,789,789.99,122765.436,1,,,0
49356,4,38,790,790.99,122920.836,1,,,0
49357,4,38,791,791.99,123076.236,1,,,0
49358,4,38,792,792.99,123231.636,1,,,0
49359,4,38,793,793.99,123387.036,1,,,0
49360,4,38,794,794.99,123542.436,1,,,0
49361,4,38,795,795.99,123697.836,1,,,0
49362,4,38,796,796.99,123853.236,1,,,0
49363,4,38,797,797.99,124008.636,1,,,0
49364,4,38,798,798.99,124164.036,1,,,0
49365,4,38,799,799.99,124319.436,1,,,0
49366,4,38,800,800.99,124474.836,1,,,0
49367,4,38,801,801.99,124630.236,1,,,0
49368,4,38,802,802.99,124785.636,1,,,0
49369,4,38,803,803.99,124941.036,1,,,0
49370,4,38,804,804.99,125096.436,1,,,0
49371,4,38,805,805.99,125251.836,1,,,0
49372,4,38,806,806.99,125407.236,1,,,0
49373,4,38,807,807.99,125562.636,1,,,0
49374,4,38,808,808.99,125718.036,1,,,0
49375,4,38,809,809.99,125873.436,1,,,0
49376,4,38,810,810.99,126028.836,1,,,0
49377,4,38,811,811.99,126184.236,1,,,0
49378,4,38,812,812.99,126339.636,1,,,0
49379,4,38,813,813.99,126495.036,1,,,0
49380,4,38,814,814.99,126650.436,1,,,0
49381,4,38,815,815.99,126805.836,1,,,0
49382,4,38,816,816.99,126961.236,1,,,0
49383,4,38,817,817.99,127116.636,1,,,0
49384,4,38,818,818.99,127272.036,1,,,0
49385,4,38,819,819.99,127427.436,1,,,0
49386,4,38,820,820.99,127582.836,1,,,0
49387,4,38,821,821.99,127738.236,1,,,0
49388,4,38,822,822.99,127893.636,1,,,0
49389,4,38,823,823.99,128049.036,1,,,0
49390,4,38,824,824.99,128204.436,1,,,0
49391,4,38,825,825.99,128359.836,1,,,0
49392,4,38,826,826.99,128515.236,1,,,0
49393,4,38,827,827.99,128670.636,1,,,0
49394,4,38,828,828.99,128826.036,1,,,0
49395,4,38,829,829.99,128981.436,1,,,0
49396,4,38,830,830.99,129136.836,1,,,0
49397,4,38,831,831.99,129292.236,1,,,0
49398,4,38,832,832.99,129447.636,1,,,0
49399,4,38,833,833.99,129603.036,1,,,0
49400,4,38,834,834.99,129758.436,1,,,0
49401,4,38,835,835.99,129913.836,1,,,0
49402,4,38,836,836.99,130069.236,1,,,0
49403,4,38,837,837.99,130224.636,1,,,0
49404,4,38,838,838.99,130380.036,1,,,0
49405,4,38,839,839.99,130535.436,1,,,0
49406,4,38,840,840.99,130690.836,1,,,0
49407,4,38,841,841.99,130846.236,1,,,0
49408,4,38,842,842.99,131001.636,1,,,0
49409,4,38,843,843.99,131157.036,1,,,0
49410,4,38,844,844.99,131312.436,1,,,0
49411,4,38,845,845.99,131467.836,1,,,0
49412,4,38,846,846.99,131623.236,1,,,0
49413,4,38,847,847.99,131778.636,1,,,0
49414,4,38,848,848.99,131934.036,1,,,0
49415,4,38,849,849.99,132089.436,1,,,0
49416,4,38,850,850.99,132244.836,1,,,0
49417,4,38,851,851.99,132400.236,1,,,0
49418,4,38,852,852.99,132555.636,1,,,0
49419,4,38,853,853.99,132711.036,1,,,0
49420,4,38,854,854.99,132866.436,1,,,0
49421,4,38,855,855.99,133021.836,1,,,0
49422,4,38,856,856.99,133177.236,1,,,0
49423,4,38,857,857.99,133332.636,1,,,0
49424,4,38,858,858.99,133488.036,1,,,0
49425,4,38,859,859.99,133643.436,1,,,0
49426,4,38,860,860.99,133798.836,1,,,0
49427,4,38,861,861.99,133954.236,1,,,0
49428,4,38,862,862.99,134109.636,1,,,0
49429,4,38,863,863.99,134265.036,1,,,0
49430,4,38,864,864.99,134420.436,1,,,0
49431,4,38,865,865.99,134575.836,1,,,0
49432,4,38,866,866.99,134731.236,1,,,0
49433,4,38,867,867.99,134886.636,1,,,0
49434,4,38,868,868.99,135042.036,1,,,0
49435,4,38,869,869.99,135197.436,1,,,0
49436,4,38,870,870.99,135352.836,1,,,0
49437,4,38,871,871.99,135508.236,1,,,0
49438,4,38,872,872.99,135663.636,1,,,0
49439,4,38,873,873.99,135819.036,1,,,0
49440,4,38,874,874.99,135974.436,1,,,0
49441,4,38,875,875.99,136129.836,1,,,0
49442,4,38,876,876.99,136285.236,1,,,0
49443,4,38,877,877.99,136440.636,1,,,0
49444,4,38,878,878.99,136596.036,1,,,0
49445,4,38,879,879.99,136751.436,1,,,0
49446,4,38,880,880.99,136906.836,1,,,0
49447,4,38,881,881.99,137062.236,1,,,0
49448,4,38,882,882.99,137217.636,1,,,0
49449,4,38,883,883.99,137373.036,1,,,0
49450,4,38,884,884.99,137528.436,1,,,0
49451,4,38,885,885.99,137683.836,1,,,0
49452,4,38,886,886.99,137839.236,1,,,0
49453,4,38,887,887.99,137994.636,1,,,0
49454,4,38,888,888.99,138150.036,1,,,0
49455,4,38,889,889.99,138305.436,1,,,0
49456,4,38,890,890.99,138460.836,1,,,0
49457,4,38,891,891.99,138616.236,1,,,0
49458,4,38,892,892.99,138771.636,1,,,0
49459,4,38,893,893.99,138927.036,1,,,0
49460,4,38,894,894.99,139082.436,1,,,0
49461,4,38,895,895.99,139237.836,1,,,0
49462,4,38,896,896.99,139393.236,1,,,0
49463,4,38,897,897.99,139548.636,1,,,0
49464,4,38,898,898.99,139704.036,1,,,0
49465,4,38,899,899.99,139859.436,1,,,0
49466,4,38,900,900.99,140014.836,1,,,0
49467,4,38,901,901.99,140170.236,1,,,0
49468,4,38,902,902.99,140325.636,1,,,0
49469,4,38,903,903.99,140481.036,1,,,0
49470,4,38,904,904.99,140636.436,1,,,0
49471,4,38,905,905.99,140791.836,1,,,0
49472,4,38,906,906.99,140947.236,1,,,0
49473,4,38,907,907.99,141102.636,1,,,0
49474,4,38,908,908.99,141258.036,1,,,0
49475,4,38,909,909.99,141413.436,1,,,0
49476,4,38,910,910.99,141568.836,1,,,0
49477,4,38,911,911.99,141724.236,1,,,0
49478,4,38,912,912.99,141879.636,1,,,0
49479,4,38,913,913.99,142035.036,1,,,0
49480,4,38,914,914.99,142190.436,1,,,0
49481,4,38,915,915.99,142345.836,1,,,0
49482,4,38,916,916.99,142501.236,1,,,0
49483,4,38,917,917.99,142656.636,1,,,0
49484,4,38,918,918.99,142812.036,1,,,0
49485,4,38,919,919.99,142967.436,1,,,0
49486,4,38,920,920.99,143122.836,1,,,0
49487,4,38,921,921.99,143278.236,1,,,0
49488,4,38,922,922.99,143433.636,1,,,0
49489,4,38,923,923.99,143589.036,1,,,0
49490,4,38,924,924.99,143744.436,1,,,0
49491,4,38,925,925.99,143899.836,1,,,0
49492,4,38,926,926.99,144055.236,1,,,0
49493,4,38,927,927.99,144210.636,1,,,0
49494,4,38,928,928.99,144366.036,1,,,0
49495,4,38,929,929.99,144521.436,1,,,0
49496,4,38,930,930.99,144676.836,1,,,0
49497,4,38,931,931.99,144832.236,1,,,0
49498,4,38,932,932.99,144987.636,1,,,0
49499,4,38,933,933.99,145143.036,1,,,0
49500,4,38,934,934.99,145298.436,1,,,0
49501,4,38,935,935.99,145453.836,1,,,0
49502,4,38,936,936.99,145609.236,1,,,0
49503,4,38,937,937.99,145764.636,1,,,0
49504,4,38,938,938.99,145920.036,1,,,0
49505,4,38,939,939.99,146075.436,1,,,0
49506,4,38,940,940.99,146230.836,1,,,0
49507,4,38,941,941.99,146386.236,1,,,0
49508,4,38,942,942.99,146541.636,1,,,0
49509,4,38,943,943.99,146697.036,1,,,0
49510,4,38,944,944.99,146852.436,1,,,0
49511,4,38,945,945.99,147007.836,1,,,0
49512,4,38,946,946.99,147163.236,1,,,0
49513,4,38,947,947.99,147318.636,1,,,0
49514,4,38,948,948.99,147474.036,1,,,0
49515,4,38,949,949.99,147629.436,1,,,0
49516,4,38,950,950.99,147784.836,1,,,0
49517,4,38,951,951.99,147940.236,1,,,0
49518,4,38,952,952.99,148095.636,1,,,0
49519,4,38,953,953.99,148251.036,1,,,0
49520,4,38,954,954.99,148406.436,1,,,0
49521,4,38,955,955.99,148561.836,1,,,0
49522,4,38,956,956.99,148717.236,1,,,0
49523,4,38,957,957.99,148872.636,1,,,0
49524,4,38,958,958.99,149028.036,1,,,0
49525,4,38,959,959.99,149183.436,1,,,0
49526,4,38,960,960.99,149338.836,1,,,0
49527,4,38,961,961.99,149494.236,1,,,0
49528,4,38,962,962.99,149649.636,1,,,0
49529,4,38,963,963.99,149805.036,1,,,0
49530,4,38,964,964.99,149960.436,1,,,0
49531,4,38,965,965.99,150115.836,1,,,0
49532,4,38,966,966.99,150271.236,1,,,0
49533,4,38,967,967.99,150426.636,1,,,0
49534,4,38,968,968.99,150582.036,1,,,0
49535,4,38,969,969.99,150737.436,1,,,0
49536,4,38,970,970.99,150892.836,1,,,0
49537,4,38,971,971.99,151048.236,1,,,0
49538,4,38,972,972.99,151203.636,1,,,0
49539,4,38,973,973.99,151359.036,1,,,0
49540,4,38,974,974.99,151514.436,1,,,0
49541,4,38,975,975.99,151669.836,1,,,0
49542,4,38,976,976.99,151825.236,1,,,0
49543,4,38,977,977.99,151980.636,1,,,0
49544,4,38,978,978.99,152136.036,1,,,0
49545,4,38,979,979.99,152291.436,1,,,0
49546,4,38,980,980.99,152446.836,1,,,0
49547,4,38,981,981.99,152602.236,1,,,0
49548,4,38,982,982.99,152757.636,1,,,0
49549,4,38,983,983.99,152913.036,1,,,0
49550,4,38,984,984.99,153068.436,1,,,0
49551,4,38,985,985.99,153223.836,1,,,0
49552,4,38,986,986.99,153379.236,1,,,0
49553,4,38,987,987.99,153534.636,1,,,0
49554,4,38,988,988.99,153690.036,1,,,0
49555,4,38,989,989.99,153845.436,1,,,0
49556,4,38,990,990.99,154000.836,1,,,0
49557,4,38,991,991.99,154156.236,1,,,0
49558,4,38,992,992.99,154311.636,1,,,0
49559,4,38,993,993.99,154467.036,1,,,0
49560,4,38,994,994.99,154622.436,1,,,0
49561,4,38,995,995.99,154777.836,1,,,0
49562,4,38,996,996.99,154933.236,1,,,0
49563,4,38,997,997.99,155088.636,1,,,0
49564,4,38,998,998.99,155244.036,1,,,0
49565,4,38,999,999.99,155399.436,1,,,0
49566,4,38,1000,11000.99,1709554.836,1,,,0
